Date,AAPL,AMZN,GOOGL,FB
2016-01-04,24.286827087402344,636.989990234375,759.4400024414062,102.22000122070312
2016-01-05,23.678220748901367,633.7899780273438,761.530029296875,102.7300033569336
2016-01-06,23.214841842651367,632.6500244140625,759.3300170898438,102.97000122070312
2016-01-07,22.235074996948242,607.9400024414062,741.0,97.91999816894531
2016-01-08,22.352643966674805,607.0499877929688,730.9099731445312,97.33000183105469
2016-01-11,22.71458625793457,617.739990234375,733.0700073242188,97.51000213623047
2016-01-12,23.044252395629883,617.8900146484375,745.3400268554688,99.37000274658203
2016-01-13,22.451772689819336,581.8099975585938,719.5700073242188,95.44000244140625
2016-01-14,22.942813873291016,593.0,731.3900146484375,98.37000274658203
2016-01-15,22.39183235168457,570.1799926757812,710.489990234375,94.97000122070312
2016-01-19,22.283483505249023,574.47998046875,719.0800170898438,95.26000213623047
2016-01-20,22.313453674316406,571.77001953125,718.5599975585938,94.3499984741211
2016-01-21,22.20049285888672,575.02001953125,726.6699829101562,94.16000366210938
2016-01-22,23.380828857421875,596.3800048828125,745.4600219726562,97.94000244140625
2016-01-25,22.924367904663086,596.530029296875,733.6199951171875,97.01000213623047
2016-01-26,23.051164627075195,601.25,733.7899780273438,97.33999633789062
2016-01-27,21.536548614501953,583.3499755859375,717.5800170898438,94.44999694824219
2016-01-28,21.69100570678711,635.3499755859375,748.2999877929688,109.11000061035156
2016-01-29,22.44024658203125,587.0,761.3499755859375,112.20999908447266
2016-02-01,22.230459213256836,574.8099975585938,770.77001953125,115.08999633789062
2016-02-02,21.780920028686523,552.0999755859375,780.9099731445312,114.61000061035156
2016-02-03,22.212020874023438,531.0700073242188,749.3800048828125,112.69000244140625
2016-02-04,22.390485763549805,536.260009765625,730.030029296875,110.48999786376953
2016-02-05,21.792484283447266,502.1300048828125,703.760009765625,104.06999969482422
2016-02-08,22.021953582763672,488.1000061035156,704.1599731445312,99.75
2016-02-09,22.017314910888672,482.07000732421875,701.02001953125,99.54000091552734
2016-02-10,21.850431442260742,490.4800109863281,706.8499755859375,101.0
2016-02-11,21.718307495117188,503.82000732421875,706.3599853515625,101.91000366210938
2016-02-12,21.785533905029297,507.0799865722656,706.8900146484375,102.01000213623047
2016-02-16,22.399763107299805,521.0999755859375,717.6400146484375,101.61000061035156
2016-02-17,22.742809295654297,534.0999755859375,731.969970703125,105.19999694824219
2016-02-18,22.31168556213379,525.0,717.510009765625,103.47000122070312
2016-02-19,22.26069450378418,534.9000244140625,722.1099853515625,104.56999969482422
2016-02-22,22.45539093017578,559.5,729.0499877929688,107.16000366210938
2016-02-23,21.94778060913086,552.9400024414062,717.2899780273438,105.45999908447266
2016-02-24,22.274600982666016,554.0399780273438,720.9000244140625,106.87999725341797
2016-02-25,22.427579879760742,555.1500244140625,729.1199951171875,108.06999969482422
2016-02-26,22.46234703063965,555.22998046875,724.8599853515625,107.91999816894531
2016-02-29,22.41135025024414,552.52001953125,717.219970703125,106.91999816894531
2016-03-01,23.301410675048828,579.0399780273438,742.1699829101562,109.81999969482422
2016-03-02,23.352399826049805,580.2100219726562,739.47998046875,109.94999694824219
2016-03-03,23.526243209838867,577.489990234375,731.5900268554688,109.58000183105469
2016-03-04,23.876237869262695,575.1400146484375,730.219970703125,108.38999938964844
2016-03-07,23.61200523376465,562.7999877929688,712.7999877929688,105.7300033569336
2016-03-08,23.41730308532715,560.260009765625,713.530029296875,105.93000030517578
2016-03-09,23.43816375732422,559.469970703125,725.4099731445312,107.51000213623047
2016-03-10,23.44975471496582,558.9299926757812,732.1699829101562,107.31999969482422
2016-03-11,23.702402114868164,569.6099853515625,744.8699951171875,109.41000366210938
2016-03-14,23.76266860961914,573.3699951171875,750.239990234375,109.88999938964844
2016-03-15,24.240144729614258,577.02001953125,750.5700073242188,110.66999816894531
2016-03-16,24.56232261657715,574.27001953125,757.3599853515625,112.18000030517578
2016-03-17,24.522920608520508,559.4400024414062,758.47998046875,111.0199966430664
2016-03-18,24.550737380981445,552.0800170898438,755.4099731445312,111.44999694824219
2016-03-21,24.548418045043945,553.97998046875,762.1599731445312,111.8499984741211
2016-03-22,24.736164093017578,560.47998046875,760.0499877929688,112.25
2016-03-23,24.59941291809082,569.6300048828125,757.5599975585938,112.54000091552734
2016-03-24,24.492788314819336,582.9500122070312,754.8400268554688,113.05000305175781
2016-03-28,24.381534576416016,579.8699951171875,753.280029296875,113.69000244140625
2016-03-29,24.95867919921875,593.8599853515625,765.8900146484375,116.13999938964844
2016-03-30,25.394432067871094,598.6900024414062,768.3400268554688,114.69999694824219
2016-03-31,25.26231575012207,593.6400146484375,762.9000244140625,114.0999984741211
2016-04-01,25.494098663330078,598.5,769.6699829101562,116.05999755859375
2016-04-04,25.756017684936523,593.1900024414062,765.1199951171875,112.55000305175781
2016-04-05,25.45237922668457,586.1400146484375,758.5700073242188,112.22000122070312
2016-04-06,25.718936920166016,602.0800170898438,768.0700073242188,113.70999908447266
2016-04-07,25.15801429748535,591.4299926757812,760.1199951171875,113.63999938964844
2016-04-08,25.185823440551758,594.5999755859375,759.469970703125,110.62999725341797
2016-04-11,25.269269943237305,595.9299926757812,757.5399780273438,108.98999786376953
2016-04-12,25.59840202331543,603.1699829101562,764.3200073242188,110.61000061035156
2016-04-13,25.96925926208496,614.8200073242188,771.9099731445312,110.51000213623047
2016-04-14,25.983169555664062,620.75,775.3900146484375,110.83999633789062
2016-04-15,25.461652755737305,625.8900146484375,780.0,109.63999938964844
2016-04-18,24.91231918334961,635.3499755859375,787.6799926757812,110.44999694824219
2016-04-19,24.78020477294922,627.9000244140625,776.25,112.29000091552734
2016-04-20,24.831195831298828,632.989990234375,774.9199829101562,112.41999816894531
2016-04-21,24.56232261657715,631.0,780.0,113.44000244140625
2016-04-22,24.495105743408203,620.5,737.77001953125,110.55999755859375
2016-04-25,24.356037139892578,626.2000122070312,742.2100219726562,110.0999984741211
2016-04-26,24.186832427978516,616.8800048828125,725.3699951171875,108.76000213623047
2016-04-27,22.673274993896484,606.5700073242188,721.4600219726562,108.88999938964844
2016-04-28,21.9802303314209,602.0,705.0599975585938,116.7300033569336
2016-04-29,21.72758674621582,659.5900268554688,707.8800048828125,117.58000183105469
2016-05-02,21.70440673828125,683.8499755859375,714.4099731445312,118.56999969482422
2016-05-03,22.061355590820312,671.3200073242188,708.4400024414062,117.43000030517578
2016-05-04,21.831890106201172,670.9000244140625,711.3699951171875,118.05999755859375
2016-05-05,21.743270874023438,659.0900268554688,714.7100219726562,117.80999755859375
2016-05-06,21.622005462646484,673.9500122070312,725.1799926757812,119.48999786376953
2016-05-09,21.638336181640625,679.75,729.1300048828125,119.23999786376953
2016-05-10,21.785247802734375,703.0700073242188,739.3800048828125,120.5
2016-05-11,21.573040008544922,713.22998046875,730.5499877929688,119.5199966430664
2016-05-12,21.06700325012207,717.9299926757812,728.0700073242188,120.27999877929688
2016-05-13,21.108978271484375,709.9199829101562,724.8300170898438,119.80999755859375
2016-05-16,21.892520904541016,710.6599731445312,730.2999877929688,118.66999816894531
2016-05-17,21.801572799682617,695.27001953125,720.1900024414062,117.3499984741211
2016-05-18,22.051095962524414,697.4500122070312,721.780029296875,117.6500015258789
2016-05-19,21.96714210510254,698.52001953125,715.3099975585938,116.80999755859375
2016-05-20,22.20500373840332,702.7999877929688,721.7100219726562,117.3499984741211
2016-05-23,22.48716926574707,696.75,717.25,115.97000122070312
2016-05-24,22.829973220825195,704.2000122070312,733.030029296875,117.69999694824219
2016-05-25,23.2310733795166,708.3499755859375,738.0999755859375,117.88999938964844
2016-05-26,23.415292739868164,714.9099731445312,736.9299926757812,119.47000122070312
2016-05-27,23.401302337646484,712.239990234375,747.5999755859375,119.37999725341797
2016-05-31,23.287036895751953,722.7899780273438,748.8499755859375,118.80999755859375
2016-06-01,22.96056365966797,719.4400024414062,748.4600219726562,118.77999877929688
2016-06-02,22.787992477416992,728.239990234375,744.27001953125,118.93000030517578
2016-06-03,22.834636688232422,725.5399780273438,735.8599853515625,118.47000122070312
2016-06-06,23.000200271606445,726.72998046875,730.0599975585938,118.79000091552734
2016-06-07,23.09348487854004,723.739990234375,731.0900268554688,117.76000213623047
2016-06-08,23.072500228881836,726.6400146484375,742.9299926757812,118.38999938964844
2016-06-09,23.238067626953125,727.6500244140625,742.52001953125,118.55999755859375
2016-06-10,23.046850204467773,717.9099731445312,733.1900024414062,116.62000274658203
2016-06-13,22.69938087463379,715.239990234375,731.8800048828125,113.94999694824219
2016-06-14,22.72736358642578,719.2999877929688,733.25,114.94000244140625
2016-06-15,22.652742385864258,714.260009765625,732.1900024414062,114.5999984741211
2016-06-16,22.748353958129883,717.510009765625,724.25,114.38999938964844
2016-06-17,22.23065948486328,706.3900146484375,704.25,113.0199966430664
2016-06-20,22.17701530456543,714.010009765625,706.1300048828125,113.37000274658203
2016-06-21,22.36591148376465,715.8200073242188,708.8800048828125,114.37999725341797
2016-06-22,22.28196144104004,710.5999755859375,710.469970703125,113.91000366210938
2016-06-23,22.41021728515625,722.0800170898438,714.8699951171875,115.08000183105469
2016-06-24,21.78058433532715,698.9600219726562,685.2000122070312,112.08000183105469
2016-06-27,21.46343994140625,691.3599853515625,681.1400146484375,108.97000122070312
2016-06-28,21.824893951416016,707.9500122070312,691.260009765625,112.69999694824219
2016-06-29,22.013782501220703,715.5999755859375,695.1900024414062,114.16000366210938
2016-06-30,22.293621063232422,715.6199951171875,703.530029296875,114.27999877929688
2016-07-01,22.36124610900879,725.6799926757812,710.25,114.19000244140625
2016-07-05,22.1513671875,728.0999755859375,704.8900146484375,114.19999694824219
2016-07-06,22.27729034423828,737.6099853515625,708.969970703125,116.69999694824219
2016-07-07,22.372907638549805,736.5700073242188,707.260009765625,115.8499984741211
2016-07-08,22.545473098754883,745.8099975585938,717.780029296875,117.23999786376953
2016-07-11,22.615432739257812,753.780029296875,727.2000122070312,117.87000274658203
2016-07-12,22.718032836914062,748.2100219726562,732.510009765625,117.93000030517578
2016-07-13,22.589780807495117,742.6300048828125,729.47998046875,116.77999877929688
2016-07-14,23.037517547607422,741.2000122070312,735.7999877929688,117.29000091552734
2016-07-15,23.035184860229492,735.4400024414062,735.6300048828125,116.86000061035156
2016-07-18,23.280040740966797,736.0700073242188,753.2000122070312,119.37000274658203
2016-07-19,23.289371490478516,739.9500122070312,753.4099731445312,120.61000061035156
2016-07-20,23.310354232788086,745.719970703125,757.0800170898438,121.91999816894531
2016-07-21,23.186765670776367,744.4299926757812,754.4099731445312,120.61000061035156
2016-07-22,23.0072021484375,744.8599853515625,759.280029296875,121.0
2016-07-25,22.69938087463379,739.6099853515625,757.52001953125,121.62999725341797
2016-07-26,22.543140411376953,735.5900268554688,757.6500244140625,121.22000122070312
2016-07-27,24.007614135742188,736.6699829101562,761.969970703125,123.33999633789062
2016-07-28,24.331756591796875,752.6099853515625,765.8400268554688,125.0
2016-07-29,24.301441192626953,758.8099975585938,791.3400268554688,123.94000244140625
2016-08-01,24.730527877807617,767.739990234375,800.9400024414062,124.30999755859375
2016-08-02,24.36440658569336,760.5800170898438,800.1199951171875,123.08999633789062
2016-08-03,24.66990089416504,754.6400146484375,798.9199829101562,122.51000213623047
2016-08-04,24.82229232788086,760.77001953125,797.25,124.36000061035156
2016-08-05,25.199769973754883,765.97998046875,806.9299926757812,125.1500015258789
2016-08-08,25.408449172973633,766.5599975585938,805.22998046875,125.26000213623047
2016-08-09,25.5116024017334,768.3099975585938,807.47998046875,125.05999755859375
2016-08-10,25.321691513061523,768.5599975585938,808.489990234375,124.87999725341797
2016-08-11,25.30528450012207,771.239990234375,808.2000122070312,124.9000015258789
2016-08-12,25.363895416259766,772.5599975585938,807.0499877929688,124.87999725341797
2016-08-15,25.668701171875,768.489990234375,805.9600219726562,123.9000015258789
2016-08-16,25.645248413085938,764.0399780273438,801.1900024414062,123.30000305175781
2016-08-17,25.60773468017578,764.6300048828125,805.4199829101562,124.37000274658203
2016-08-18,25.57491111755371,764.4600219726562,802.75,123.91000366210938
2016-08-19,25.64055633544922,757.3099975585938,799.6500244140625,123.55999755859375
2016-08-22,25.441268920898438,759.47998046875,796.9500122070312,124.1500015258789
2016-08-23,25.520984649658203,762.4500122070312,796.5900268554688,124.37000274658203
2016-08-24,25.32872772216797,757.25,793.5999755859375,123.4800033569336
2016-08-25,25.22087287902832,759.219970703125,791.2999877929688,123.88999938964844
2016-08-26,25.07316780090332,769.0,793.219970703125,124.95999908447266
2016-08-29,25.045028686523438,771.2899780273438,795.8200073242188,126.54000091552734
2016-08-30,24.852773666381836,767.5800170898438,791.9199829101562,125.83999633789062
2016-08-31,24.876224517822266,769.1599731445312,789.8499755859375,126.12000274658203
2016-09-01,25.023929595947266,770.6199951171875,791.4000244140625,126.16999816894531
2016-09-02,25.25838851928711,772.4400024414062,796.8699951171875,126.51000213623047
2016-09-06,25.251352310180664,788.8699951171875,808.02001953125,129.72999572753906
2016-09-07,25.40610122680664,784.47998046875,807.989990234375,131.0500030517578
2016-09-08,24.740230560302734,784.0599975585938,802.8400268554688,130.27000427246094
2016-09-09,24.179872512817383,760.1400146484375,788.47998046875,127.0999984741211
2016-09-12,24.721473693847656,771.489990234375,798.8200073242188,128.69000244140625
2016-09-13,25.309968948364258,761.010009765625,788.719970703125,127.20999908447266
2016-09-14,26.205608367919922,761.0900268554688,790.4600219726562,127.7699966430664
2016-09-15,27.096561431884766,769.6900024414062,801.22998046875,128.35000610351562
2016-09-16,26.944156646728516,778.52001953125,797.969970703125,129.07000732421875
2016-09-19,26.62997817993164,775.0999755859375,795.3900146484375,128.64999389648438
2016-09-20,26.627635955810547,780.219970703125,799.780029296875,128.63999938964844
2016-09-21,26.622953414916992,789.739990234375,805.030029296875,129.94000244140625
2016-09-22,26.873821258544922,804.7000122070312,815.9500122070312,130.0800018310547
2016-09-23,26.426002502441406,805.75,814.9600219726562,127.95999908447266
2016-09-26,26.465856552124023,799.1599731445312,802.6500244140625,127.30999755859375
2016-09-27,26.515094757080078,816.1099853515625,810.72998046875,128.69000244140625
2016-09-28,26.716732025146484,828.719970703125,810.0599975585938,129.22999572753906
2016-09-29,26.30173683166504,829.0499877929688,802.6400146484375,128.08999633789062
2016-09-30,26.50571632385254,837.3099975585938,804.0599975585938,128.27000427246094
2016-10-03,26.381454467773438,836.739990234375,800.3800048828125,128.77000427246094
2016-10-04,26.493988037109375,834.030029296875,802.7899780273438,128.19000244140625
2016-10-05,26.50571632385254,844.3599853515625,801.22998046875,128.47000122070312
2016-10-06,26.70266342163086,841.6599731445312,803.0800170898438,128.74000549316406
2016-10-07,26.742517471313477,839.4299926757812,800.7100219726562,128.99000549316406
2016-10-10,27.209095001220703,841.7100219726562,814.1699829101562,130.24000549316406
2016-10-11,27.26771354675293,831.0,809.5700073242188,128.8800048828125
2016-10-12,27.51154899597168,834.0900268554688,811.77001953125,129.0500030517578
2016-10-13,27.427146911621094,829.280029296875,804.0800170898438,127.81999969482422
2016-10-14,27.579544067382812,822.9600219726562,804.5999755859375,127.87999725341797
2016-10-17,27.560789108276367,812.9500122070312,806.8400268554688,127.54000091552734
2016-10-18,27.542030334472656,817.6500244140625,821.489990234375,128.57000732421875
2016-10-19,27.459970474243164,817.6900024414062,826.8400268554688,130.11000061035156
2016-10-20,27.44590187072754,810.3200073242188,821.6300048828125,130.0
2016-10-21,27.338045120239258,818.989990234375,824.0599975585938,132.07000732421875
2016-10-24,27.584232330322266,838.0900268554688,835.739990234375,133.27999877929688
2016-10-25,27.72490882873535,835.1799926757812,828.5499877929688,132.2899932861328
2016-10-26,27.10124397277832,822.5900268554688,822.0999755859375,131.0399932861328
2016-10-27,26.84099769592285,818.3599853515625,817.3499755859375,129.69000244140625
2016-10-28,26.66280746459961,776.3200073242188,819.5599975585938,131.2899932861328
2016-10-31,26.62060546875,789.8200073242188,809.9000244140625,130.99000549316406
2016-11-01,26.13996124267578,785.4099731445312,805.47998046875,129.5
2016-11-02,26.163406372070312,765.5599975585938,788.4199829101562,127.16999816894531
2016-11-03,25.882966995239258,767.030029296875,782.1900024414062,120.0
2016-11-04,25.6496524810791,755.0499877929688,781.0999755859375,120.75
2016-11-07,26.019649505615234,784.9299926757812,802.030029296875,122.1500015258789
2016-11-08,26.172828674316406,787.75,811.97998046875,124.22000122070312
2016-11-09,26.130413055419922,771.8800048828125,805.5900268554688,123.18000030517578
2016-11-10,25.40221405029297,742.3800048828125,780.2899780273438,120.80000305175781
2016-11-11,25.55303382873535,739.010009765625,771.75,119.0199966430664
2016-11-14,24.912031173706055,719.0700073242188,753.219970703125,115.08000183105469
2016-11-15,25.241958618164062,743.239990234375,775.1599731445312,117.19999694824219
2016-11-16,25.920671463012695,746.489990234375,779.97998046875,116.33999633789062
2016-11-17,25.911243438720703,756.4000244140625,786.1599731445312,117.79000091552734
2016-11-18,25.937166213989258,760.1599731445312,775.969970703125,117.0199966430664
2016-11-21,26.330724716186523,780.0,784.7999877929688,121.7699966430664
2016-11-22,26.347225189208984,785.3300170898438,785.0,121.47000122070312
2016-11-23,26.212892532348633,780.1199951171875,779.0,120.83999633789062
2016-11-25,26.344867706298828,780.3699951171875,780.22998046875,120.37999725341797
2016-11-28,26.293020248413086,766.77001953125,785.7899780273438,120.41000366210938
2016-11-29,26.267093658447266,762.52001953125,789.4400024414062,120.87000274658203
2016-11-30,26.04557228088379,750.5700073242188,775.8800048828125,118.41999816894531
2016-12-01,25.80284309387207,743.6500244140625,764.3300170898438,115.0999984741211
2016-12-02,25.899463653564453,740.3400268554688,764.4600219726562,115.4000015258789
2016-12-05,25.713289260864258,759.3599853515625,778.219970703125,117.43000030517578
2016-12-06,25.911243438720703,764.719970703125,776.1799926757812,117.30999755859375
2016-12-07,26.16576385498047,770.4199829101562,791.469970703125,117.94999694824219
2016-12-08,26.422639846801758,767.3300170898438,795.1699829101562,118.91000366210938
2016-12-09,26.85390281677246,768.6599731445312,809.4500122070312,119.68000030517578
2016-12-12,26.70071792602539,760.1199951171875,807.9000244140625,117.7699966430664
2016-12-13,27.14612579345703,774.3400268554688,815.3400268554688,120.30999755859375
2016-12-14,27.14612579345703,768.8200073242188,817.8900146484375,120.20999908447266
2016-12-15,27.29459571838379,761.0,815.6500244140625,120.56999969482422
2016-12-16,27.329938888549805,757.77001953125,809.8400268554688,119.87000274658203
2016-12-19,27.487836837768555,766.0,812.5,119.23999786376953
2016-12-20,27.560894012451172,771.219970703125,815.2000122070312,119.08999633789062
2016-12-21,27.58681297302246,770.5999755859375,812.2000122070312,119.04000091552734
2016-12-22,27.405357360839844,766.3400268554688,809.6799926757812,117.4000015258789
2016-12-23,27.45955467224121,760.5900268554688,807.7999877929688,117.2699966430664
2016-12-27,27.633947372436523,771.4000244140625,809.9299926757812,118.01000213623047
2016-12-28,27.5161190032959,772.1300048828125,804.5700073242188,116.91999816894531
2016-12-29,27.50904655456543,765.1500244140625,802.8800048828125,116.3499984741211
2016-12-30,27.29459571838379,749.8699951171875,792.4500122070312,115.05000305175781
2017-01-03,27.37236213684082,753.6699829101562,808.010009765625,116.86000061035156
2017-01-04,27.34172821044922,757.1799926757812,807.77001953125,118.69000244140625
2017-01-05,27.48076820373535,780.4500122070312,813.02001953125,120.66999816894531
2017-01-06,27.78713035583496,795.989990234375,825.2100219726562,123.41000366210938
2017-01-09,28.041645050048828,796.9199829101562,827.1799926757812,124.9000015258789
2017-01-10,28.069927215576172,795.9000244140625,826.010009765625,124.3499984741211
2017-01-11,28.220748901367188,799.02001953125,829.8599853515625,126.08999633789062
2017-01-12,28.102920532226562,813.6400146484375,829.530029296875,126.62000274658203
2017-01-13,28.053430557250977,817.1400146484375,830.9400024414062,128.33999633789062
2017-01-17,28.279666900634766,809.719970703125,827.4600219726562,127.87000274658203
2017-01-18,28.277311325073242,807.47998046875,829.02001953125,127.91999816894531
2017-01-19,28.227821350097656,809.0399780273438,824.3699951171875,127.55000305175781
2017-01-20,28.279666900634766,808.3300170898438,828.1699829101562,127.04000091552734
2017-01-23,28.298521041870117,817.8800048828125,844.4299926757812,128.92999267578125
2017-01-24,28.272600173950195,822.4400024414062,849.530029296875,129.3699951171875
2017-01-25,28.722713470458984,836.52001953125,858.4500122070312,131.47999572753906
2017-01-26,28.736854553222656,839.1500244140625,856.97998046875,132.77999877929688
2017-01-27,28.73921012878418,835.77001953125,845.030029296875,132.17999267578125
2017-01-30,28.663795471191406,830.3800048828125,823.8300170898438,130.97999572753906
2017-01-31,28.597810745239258,823.47998046875,820.1900024414062,130.32000732421875
2017-02-01,30.34172821044922,832.3499755859375,815.239990234375,133.22999572753906
2017-02-02,30.289880752563477,839.9500122070312,818.260009765625,130.83999633789062
2017-02-03,30.419492721557617,810.2000122070312,820.1300048828125,130.97999572753906
2017-02-06,30.704647064208984,807.6400146484375,821.6199951171875,132.05999755859375
2017-02-07,30.996868133544922,812.5,829.22998046875,131.83999633789062
2017-02-08,31.117055892944336,819.7100219726562,829.8800048828125,134.1999969482422
2017-02-09,31.34191131591797,821.3599853515625,830.0599975585938,134.13999938964844
2017-02-10,31.270902633666992,827.4600219726562,834.8499755859375,134.19000244140625
2017-02-13,31.547826766967773,836.530029296875,838.9600219726562,134.0500030517578
2017-02-14,31.95728874206543,836.3900146484375,840.030029296875,133.85000610351562
2017-02-15,32.07326889038086,842.7000122070312,837.3200073242188,133.44000244140625
2017-02-16,32.035396575927734,844.1400146484375,842.1699829101562,133.83999633789062
2017-02-17,32.12297439575195,845.0700073242188,846.5499877929688,133.52999877929688
2017-02-21,32.35492706298828,856.4400024414062,849.27001953125,133.72000122070312
2017-02-22,32.45196533203125,855.6099853515625,851.3599853515625,136.1199951171875
2017-02-23,32.314693450927734,852.1900024414062,851.0,135.36000061035156
2017-02-24,32.34546661376953,845.239990234375,847.8099975585938,135.44000244140625
2017-02-27,32.409366607666016,848.6400146484375,849.6699829101562,136.41000366210938
2017-02-28,32.42356872558594,845.0399780273438,844.9299926757812,135.5399932861328
2017-03-01,33.086280822753906,853.0800170898438,856.75,137.4199981689453
2017-03-02,32.88983917236328,848.9099731445312,849.8499755859375,136.75999450683594
2017-03-03,33.08391571044922,849.8800048828125,849.0800170898438,137.1699981689453
2017-03-06,32.97977066040039,846.6099853515625,847.27001953125,137.4199981689453
2017-03-07,33.02238845825195,846.02001953125,851.1500244140625,137.3000030517578
2017-03-08,32.89929962158203,850.5,853.6400146484375,137.72000122070312
2017-03-09,32.82355499267578,853.0,857.8400268554688,138.24000549316406
2017-03-10,32.93244171142578,852.4600219726562,861.4099731445312,138.7899932861328
2017-03-13,32.9466438293457,854.5900268554688,864.5800170898438,139.60000610351562
2017-03-14,32.896934509277344,852.530029296875,865.9099731445312,139.32000732421875
2017-03-15,33.244876861572266,852.969970703125,868.3900146484375,139.72000122070312
2017-03-16,33.2993049621582,853.4199829101562,870.0,139.99000549316406
2017-03-17,33.133628845214844,852.3099975585938,872.3699951171875,139.83999633789062
2017-03-20,33.48155212402344,856.969970703125,867.9099731445312,139.94000244140625
2017-03-21,33.098121643066406,843.2000122070312,850.1400146484375,138.50999450683594
2017-03-22,33.47208023071289,848.0599975585938,849.7999877929688,139.58999633789062
2017-03-23,33.35373306274414,847.3800048828125,839.6500244140625,139.52999877929688
2017-03-24,33.287471771240234,845.6099853515625,835.1400146484375,140.33999633789062
2017-03-27,33.34427261352539,846.8200073242188,838.510009765625,140.32000732421875
2017-03-28,34.035400390625,856.0,840.6300048828125,141.75999450683594
2017-03-29,34.11113739013672,874.3200073242188,849.8699951171875,142.64999389648438
2017-03-30,34.06615447998047,876.3400268554688,849.47998046875,142.41000366210938
2017-03-31,34.002254486083984,886.5399780273438,847.7999877929688,142.0500030517578
2017-04-03,34.01172637939453,891.510009765625,856.75,142.27999877929688
2017-04-04,34.26498031616211,906.8300170898438,852.5700073242188,141.72999572753906
2017-04-05,34.08747100830078,909.280029296875,848.9099731445312,141.85000610351562
2017-04-06,34.002254486083984,898.280029296875,845.0999755859375,141.1699981689453
2017-04-07,33.92652130126953,894.8800048828125,842.0999755859375,140.77999877929688
2017-04-10,33.88628387451172,907.0399780273438,841.7000122070312,141.0399932861328
2017-04-11,33.521793365478516,902.3599853515625,839.8800048828125,139.9199981689453
2017-04-12,33.56202697753906,896.22998046875,841.4600219726562,139.5800018310547
2017-04-13,33.38451385498047,884.6699829101562,840.1799926757812,139.38999938964844
2017-04-17,33.569129943847656,901.989990234375,855.1300048828125,141.4199981689453
2017-04-18,33.420013427734375,903.780029296875,853.989990234375,140.9600067138672
2017-04-19,33.29692459106445,899.2000122070312,856.510009765625,142.27000427246094
2017-04-20,33.713497161865234,902.0599975585938,860.0800170898438,143.8000030517578
2017-04-21,33.67326736450195,898.530029296875,858.9500122070312,143.67999267578125
2017-04-24,33.99751663208008,907.4099731445312,878.9299926757812,145.47000122070312
2017-04-25,34.20817565917969,907.6199951171875,888.8400268554688,146.49000549316406
2017-04-26,34.006996154785156,909.2899780273438,889.1400146484375,146.55999755859375
2017-04-27,34.03303527832031,918.3800048828125,891.4400024414062,147.6999969482422
2017-04-28,33.99989700317383,924.989990234375,924.52001953125,150.25
2017-05-01,34.693382263183594,948.22998046875,932.8200073242188,152.4600067138672
2017-05-02,34.91349792480469,946.9400024414062,937.0900268554688,152.77999877929688
2017-05-03,34.80699920654297,941.030029296875,948.4500122070312,151.8000030517578
2017-05-04,34.681541442871094,937.530029296875,954.719970703125,150.85000610351562
2017-05-05,35.25668716430664,934.1500244140625,950.280029296875,150.24000549316406
2017-05-08,36.21526336669922,949.0399780273438,958.6900024414062,151.05999755859375
2017-05-09,36.447227478027344,952.8200073242188,956.7100219726562,150.47999572753906
2017-05-10,36.27442932128906,948.9500122070312,954.8400268554688,150.2899932861328
2017-05-11,36.58815383911133,947.6199951171875,955.8900146484375,150.0399932861328
2017-05-12,37.09912872314453,961.3499755859375,955.1400146484375,150.3300018310547
2017-05-15,37.00406265258789,957.969970703125,959.219970703125,150.19000244140625
2017-05-16,36.94940185546875,966.0700073242188,964.6099853515625,149.77999877929688
2017-05-17,35.70880126953125,944.760009765625,942.1699829101562,144.85000610351562
2017-05-18,36.253047943115234,958.489990234375,950.5,147.66000366210938
2017-05-19,36.37662887573242,959.8400268554688,954.6500244140625,148.05999755859375
2017-05-22,36.59766387939453,970.6699829101562,964.0700073242188,148.24000549316406
2017-05-23,36.55250549316406,971.5399780273438,970.5499877929688,148.07000732421875
2017-05-24,36.443172454833984,980.3499755859375,977.6099853515625,150.0399932861328
2017-05-25,36.56913757324219,993.3800048828125,991.8599853515625,151.9600067138672
2017-05-26,36.50734329223633,995.780029296875,993.27001953125,152.1300048828125
2017-05-30,36.5216064453125,996.7000122070312,996.1699829101562,152.3800048828125
2017-05-31,36.305335998535156,994.6199951171875,987.0900268554688,151.4600067138672
2017-06-01,36.405147552490234,995.9500122070312,988.2899780273438,151.52999877929688
2017-06-02,36.944644927978516,1006.72998046875,996.1199951171875,153.61000061035156
2017-06-05,36.583396911621094,1011.3400268554688,1003.8800048828125,153.6300048828125
2017-06-06,36.70698928833008,1003.0,996.6799926757812,152.80999755859375
2017-06-07,36.925636291503906,1010.0700073242188,1001.5,153.1199951171875
2017-06-08,36.83531951904297,1010.27001953125,1004.280029296875,154.7100067138672
2017-06-09,35.4069709777832,978.3099975585938,970.1199951171875,149.60000610351562
2017-06-12,34.56089782714844,964.9099731445312,961.8099975585938,148.44000244140625
2017-06-13,34.838951110839844,980.7899780273438,970.5,150.67999267578125
2017-06-14,34.499107360839844,976.469970703125,967.9299926757812,150.25
2017-06-15,34.29233169555664,964.1699829101562,960.1799926757812,149.8000030517578
2017-06-16,33.812259674072266,987.7100219726562,958.6199951171875,150.63999938964844
2017-06-19,34.779544830322266,995.1699829101562,975.219970703125,152.8699951171875
2017-06-20,34.46345138549805,992.5900268554688,968.989990234375,152.25
2017-06-21,34.6678352355957,1002.22998046875,978.5900268554688,153.91000366210938
2017-06-22,34.61080551147461,1001.2999877929688,976.6199951171875,153.39999389648438
2017-06-23,34.76527786254883,1003.739990234375,986.0900268554688,155.07000732421875
2017-06-26,34.65596389770508,993.97998046875,972.0900268554688,153.58999633789062
2017-06-27,34.159244537353516,976.780029296875,948.0900268554688,150.5800018310547
2017-06-28,34.65834426879883,990.3300170898438,961.010009765625,153.24000549316406
2017-06-29,34.147361755371094,975.9299926757812,937.8200073242188,151.0399932861328
2017-06-30,34.22816848754883,968.0,929.6799926757812,150.97999572753906
2017-07-03,34.10457992553711,953.6599731445312,919.4600219726562,148.42999267578125
2017-07-05,34.24480056762695,971.4000244140625,932.260009765625,150.33999633789062
2017-07-06,33.92157745361328,965.1400146484375,927.6900024414062,148.82000732421875
2017-07-07,34.26619338989258,978.760009765625,940.8099975585938,151.44000244140625
2017-07-10,34.4753303527832,996.469970703125,951.0,153.5
2017-07-11,34.587039947509766,994.1300048828125,953.530029296875,155.27000427246094
2017-07-12,34.63694763183594,1006.510009765625,967.6599731445312,158.89999389648438
2017-07-13,35.1193962097168,1000.6300048828125,968.8499755859375,159.25999450683594
2017-07-14,35.42123031616211,1001.8099975585938,976.9099731445312,159.97000122070312
2017-07-17,35.54481506347656,1010.0399780273438,975.9600219726562,159.72999572753906
2017-07-18,35.66840744018555,1024.449951171875,986.9500122070312,162.86000061035156
2017-07-19,35.89179992675781,1026.8699951171875,992.77001953125,164.13999938964844
2017-07-20,35.730194091796875,1028.699951171875,992.1900024414062,164.52999877929688
2017-07-21,35.71356201171875,1025.6700439453125,993.8400268554688,164.42999267578125
2017-07-24,36.14609909057617,1038.949951171875,998.3099975585938,166.0
2017-07-25,36.30057907104492,1039.8699951171875,969.030029296875,165.27999877929688
2017-07-26,36.471702575683594,1052.800048828125,965.3099975585938,165.61000061035156
2017-07-27,35.78247833251953,1046.0,952.510009765625,170.44000244140625
2017-07-28,35.530555725097656,1020.0399780273438,958.3300170898438,172.4499969482422
2017-07-31,35.34754943847656,987.780029296875,945.5,169.25
2017-08-01,35.6612663269043,996.1900024414062,946.5599975585938,169.86000061035156
2017-08-02,37.3463020324707,995.8900146484375,947.6400146484375,169.3000030517578
2017-08-03,36.97317123413086,986.9199829101562,940.2999877929688,168.58999633789062
2017-08-04,37.168052673339844,987.5800170898438,945.7899780273438,169.6199951171875
2017-08-07,37.743186950683594,992.27001953125,945.75,171.97999572753906
2017-08-08,38.04503631591797,989.8400268554688,944.1900024414062,171.22999572753906
2017-08-09,38.27793502807617,982.010009765625,940.0800170898438,171.17999267578125
2017-08-10,37.058712005615234,956.9199829101562,923.5900268554688,167.39999389648438
2017-08-11,37.574073791503906,967.989990234375,930.0900268554688,168.0800018310547
2017-08-14,38.139549255371094,983.2999877929688,938.9299926757812,170.75
2017-08-15,38.557098388671875,982.739990234375,938.0800170898438,171.0
2017-08-16,38.402000427246094,978.1799926757812,944.27001953125,170.0
2017-08-17,37.66474533081055,960.5700073242188,927.6599731445312,166.91000366210938
2017-08-18,37.57883834838867,958.469970703125,926.1799926757812,167.41000366210938
2017-08-21,37.50965881347656,953.2899780273438,920.8699951171875,167.77999877929688
2017-08-22,38.12284851074219,966.9000244140625,940.4000244140625,169.63999938964844
2017-08-23,38.170562744140625,958.0,942.5800170898438,168.7100067138672
2017-08-24,38.001163482666016,952.4500122070312,936.8900146484375,167.74000549316406
2017-08-25,38.14193344116211,945.260009765625,930.5,166.32000732421875
2017-08-28,38.52607727050781,946.02001953125,928.1300048828125,167.24000549316406
2017-08-29,38.86965560913086,954.0599975585938,935.75,168.0500030517578
2017-08-30,38.974632263183594,967.5900268554688,943.6300048828125,169.9199981689453
2017-08-31,39.129722595214844,980.5999755859375,955.239990234375,171.97000122070312
2017-09-01,39.14165115356445,978.25,951.989990234375,172.02000427246094
2017-09-05,38.6716194152832,965.27001953125,941.47998046875,170.72000122070312
2017-09-06,38.631065368652344,967.7999877929688,942.02001953125,172.08999633789062
2017-09-07,38.47596740722656,979.469970703125,949.8900146484375,173.2100067138672
2017-09-08,37.84846496582031,965.9000244140625,941.4099731445312,170.9499969482422
2017-09-11,38.533233642578125,977.9600219726562,943.2899780273438,173.50999450683594
2017-09-12,38.38053512573242,982.5800170898438,946.6500244140625,172.9600067138672
2017-09-13,38.09183120727539,999.5999755859375,950.4400024414062,173.0500030517578
2017-09-14,37.764957427978516,992.2100219726562,940.1300048828125,170.9600067138672
2017-09-15,38.146705627441406,986.7899780273438,935.2899780273438,171.63999938964844
2017-09-18,37.85800552368164,974.1900024414062,929.75,170.00999450683594
2017-09-19,37.87232208251953,969.8599853515625,936.8599853515625,172.52000427246094
2017-09-20,37.2376594543457,973.2100219726562,947.5399780273438,172.1699981689453
2017-09-21,36.59821701049805,964.6500244140625,947.5499877929688,171.11000061035156
2017-09-22,36.24032974243164,955.0999755859375,943.260009765625,170.5399932861328
2017-09-25,35.92060852050781,939.7899780273438,934.280029296875,162.8699951171875
2017-09-26,36.53857421875,938.5999755859375,937.4299926757812,164.2100067138672
2017-09-27,36.798641204833984,950.8699951171875,959.9000244140625,167.67999267578125
2017-09-28,36.57197952270508,956.4000244140625,964.8099975585938,168.72999572753906
2017-09-29,36.77239227294922,961.3499755859375,973.719970703125,170.8699951171875
2017-10-02,36.69843292236328,959.1900024414062,967.469970703125,169.47000122070312
2017-10-03,36.858299255371094,957.0999755859375,972.0800170898438,169.9600067138672
2017-10-04,36.619693756103516,965.4500122070312,966.780029296875,168.4199981689453
2017-10-05,37.07541275024414,980.8499755859375,985.1900024414062,171.24000549316406
2017-10-06,37.05394744873047,989.5800170898438,993.6400146484375,172.22999572753906
2017-10-09,37.18277359008789,990.989990234375,992.3099975585938,172.5
2017-10-10,37.19709777832031,987.2000122070312,987.7999877929688,171.58999633789062
2017-10-11,37.35218048095703,995.0,1005.6500244140625,172.74000549316406
2017-10-12,37.220951080322266,1000.9299926757812,1005.6500244140625,172.5500030517578
2017-10-13,37.45716857910156,1002.9400024414062,1007.8699951171875,173.74000549316406
2017-10-16,38.146705627441406,1006.3400268554688,1009.3499755859375,174.52000427246094
2017-10-17,38.287479400634766,1009.1300048828125,1011.0,176.11000061035156
2017-10-18,38.11807632446289,997.0,1012.739990234375,176.02999877929688
2017-10-19,37.216182708740234,986.6099853515625,1001.8400268554688,174.55999755859375
2017-10-20,37.28060531616211,982.9099731445312,1005.0700073242188,174.97999572753906
2017-10-23,37.26152038574219,966.2999877929688,985.5399780273438,171.27000427246094
2017-10-24,37.48341751098633,975.9000244140625,988.489990234375,171.8000030517578
2017-10-25,37.31877899169922,972.9099731445312,991.4600219726562,170.60000610351562
2017-10-26,37.557373046875,972.4299926757812,991.4199829101562,170.6300048828125
2017-10-27,38.90305709838867,1100.949951171875,1033.6700439453125,177.8800048828125
2017-10-30,39.778709411621094,1110.8499755859375,1033.1300048828125,179.8699951171875
2017-10-31,40.33224868774414,1105.280029296875,1033.0400390625,180.05999755859375
2017-11-01,39.81925964355469,1103.6800537109375,1042.5999755859375,182.66000366210938
2017-11-02,40.1103630065918,1094.219970703125,1042.969970703125,178.9199981689453
2017-11-03,41.15779113769531,1111.5999755859375,1049.989990234375,178.9199981689453
2017-11-06,41.57532501220703,1120.6600341796875,1042.6800537109375,180.1699981689453
2017-11-07,41.708946228027344,1123.1700439453125,1052.3900146484375,180.25
2017-11-08,42.05013656616211,1132.8800048828125,1058.2900390625,179.55999755859375
2017-11-09,41.9642448425293,1129.1300048828125,1047.719970703125,179.3000030517578
2017-11-10,41.82535934448242,1125.3499755859375,1044.1500244140625,178.4600067138672
2017-11-13,41.65774917602539,1129.1700439453125,1041.199951171875,178.77000427246094
2017-11-14,41.02796936035156,1136.8399658203125,1041.6400146484375,178.07000732421875
2017-11-15,40.486820220947266,1126.68994140625,1036.4100341796875,177.9499969482422
2017-11-16,40.97051239013672,1137.2900390625,1048.469970703125,179.58999633789062
2017-11-17,40.74302673339844,1129.8800048828125,1035.8900146484375,179.0
2017-11-20,40.70232009887695,1126.31005859375,1034.6600341796875,178.74000549316406
2017-11-21,41.45899200439453,1139.489990234375,1050.300048828125,181.86000061035156
2017-11-22,41.894805908203125,1156.1600341796875,1051.9200439453125,180.8699951171875
2017-11-24,41.89720153808594,1186.0,1056.52001953125,182.77999877929688
2017-11-27,41.68647003173828,1195.8299560546875,1072.010009765625,183.02999877929688
2017-11-28,41.44223403930664,1193.5999755859375,1063.2900390625,182.4199981689453
2017-11-29,40.58259963989258,1161.27001953125,1037.3800048828125,175.1300048828125
2017-11-30,41.15010070800781,1176.75,1036.1700439453125,177.17999267578125
2017-12-01,40.95853805541992,1162.3499755859375,1025.0699462890625,175.10000610351562
2017-12-04,40.659217834472656,1133.949951171875,1011.8699951171875,171.47000122070312
2017-12-05,40.620906829833984,1141.5699462890625,1019.5999755859375,172.8300018310547
2017-12-06,40.47005844116211,1152.3499755859375,1032.719970703125,176.05999755859375
2017-12-07,40.544288635253906,1159.7900390625,1044.5699462890625,180.13999938964844
2017-12-08,40.55625534057617,1162.0,1049.3800048828125,179.0
2017-12-11,41.34645462036133,1168.9200439453125,1051.969970703125,179.0399932861328
2017-12-12,41.11417770385742,1165.0799560546875,1048.77001953125,176.9600067138672
2017-12-13,41.250675201416016,1164.1300048828125,1051.3900146484375,178.3000030517578
2017-12-14,41.23869323730469,1174.260009765625,1057.469970703125,178.38999938964844
2017-12-15,41.65774917602539,1179.1400146484375,1072.0,180.17999267578125
2017-12-18,42.24440383911133,1190.5799560546875,1085.0899658203125,180.82000732421875
2017-12-19,41.79423141479492,1187.3800048828125,1079.780029296875,179.50999450683594
2017-12-20,41.74873352050781,1177.6199951171875,1073.56005859375,177.88999938964844
2017-12-21,41.90677261352539,1174.760009765625,1070.8499755859375,177.4499969482422
2017-12-22,41.90677261352539,1168.3599853515625,1068.8599853515625,177.1999969482422
2017-12-26,40.84359359741211,1176.760009765625,1065.8499755859375,175.99000549316406
2017-12-27,40.850791931152344,1182.260009765625,1060.199951171875,177.6199951171875
2017-12-28,40.965721130371094,1186.0999755859375,1055.949951171875,177.9199981689453
2017-12-29,40.522735595703125,1169.469970703125,1053.4000244140625,176.4600067138672
